Insert into Customer (Tipnumber, Tipfirst, TIPLast, Name1, Address1, Address2, CityStateZip, ZipCode, EarnedBalance, Redeemed, AvailableBal, Status, Segment)
Values ('557999999999997','557','999999999997','SHAWN SMITH','100 MAIN ST','SUITE 350','DOVER NH 03820','03820','20012','0','20012','A','P')

Insert into Account (Tipnumber, Lastname, Lastsix)
Values ('557999999999997','SMITH','557557')

Insert into [1security] (Tipnumber, username, password)
values ('557999999999997', 'parkbanktest', 'sample')

Insert into Customer (Tipnumber, Tipfirst, TIPLast, Name1, Address1, Address2, CityStateZip, ZipCode, EarnedBalance, Redeemed, AvailableBal, Status, Segment)
Values ('559999999999997','559','999999999997','SHAWN SMITH','100 MAIN ST','SUITE 350','DOVER NH 03820','03820','20012','0','20012','A','P')

Insert into Account (Tipnumber, Lastname, Lastsix)
Values ('559999999999997','SMITH','559559')

Insert into [1security] (Tipnumber, username, password)
values ('559999999999997', 'cnbtest', 'sample')

Insert into Customer (Tipnumber, Tipfirst, TIPLast, Name1, Address1, Address2, CityStateZip, ZipCode, EarnedBalance, Redeemed, AvailableBal, Status, Segment)
Values ('561999999999997','561','999999999997','SHAWN SMITH','100 MAIN ST','SUITE 350','DOVER NH 03820','03820','20012','0','20012','A','P')

Insert into Account (Tipnumber, Lastname, Lastsix)
Values ('561999999999997','SMITH','561561')

Insert into [1security] (Tipnumber, username, password)
values ('561999999999997', 'sdnbtest', 'sample')

Insert into Customer (Tipnumber, Tipfirst, TIPLast, Name1, Address1, Address2, CityStateZip, ZipCode, EarnedBalance, Redeemed, AvailableBal, Status, Segment)
Values ('563999999999997','563','999999999997','SHAWN SMITH','100 MAIN ST','SUITE 350','DOVER NH 03820','03820','20012','0','20012','A','P')

Insert into Account (Tipnumber, Lastname, Lastsix)
Values ('563999999999997','SMITH','563563')

Insert into [1security] (Tipnumber, username, password)
values ('563999999999997', 'pacifictest', 'sample')

Insert into Customer (Tipnumber, Tipfirst, TIPLast, Name1, Address1, Address2, CityStateZip, ZipCode, EarnedBalance, Redeemed, AvailableBal, Status, Segment)
Values ('50A999999999997','50A','999999999997','SHAWN SMITH','100 MAIN ST','SUITE 350','DOVER NH 03820','03820','20012','0','20012','A','P')

Insert into Account (Tipnumber, Lastname, Lastsix)
Values ('50A999999999997','SMITH','50A50A')

Insert into [1security] (Tipnumber, username, password)
values ('50A999999999997', 'bankusatest', 'sample')

Insert into Customer (Tipnumber, Tipfirst, TIPLast, Name1, Address1, Address2, CityStateZip, ZipCode, EarnedBalance, Redeemed, AvailableBal, Status, Segment)
Values ('50B999999999997','50B','999999999997','SHAWN SMITH','100 MAIN ST','SUITE 350','DOVER NH 03820','03820','20012','0','20012','A','P')

Insert into Account (Tipnumber, Lastname, Lastsix)
Values ('50B999999999997','SMITH','50B50B')

Insert into [1security] (Tipnumber, username, password)
values ('50B999999999997', 'madisontest', 'sample')

Insert into Customer (Tipnumber, Tipfirst, TIPLast, Name1, Address1, Address2, CityStateZip, ZipCode, EarnedBalance, Redeemed, AvailableBal, Status, Segment)
Values ('50C999999999997','50C','999999999997','SHAWN SMITH','100 MAIN ST','SUITE 350','DOVER NH 03820','03820','20012','0','20012','A','P')

Insert into Account (Tipnumber, Lastname, Lastsix)
Values ('50C999999999997','SMITH','50C50C')

Insert into [1security] (Tipnumber, username, password)
values ('50C999999999997', 'nhoustontest', 'sample')

Insert into Customer (Tipnumber, Tipfirst, TIPLast, Name1, Address1, Address2, CityStateZip, ZipCode, EarnedBalance, Redeemed, AvailableBal, Status, Segment)
Values ('50D999999999997','50D','999999999997','SHAWN SMITH','100 MAIN ST','SUITE 350','DOVER NH 03820','03820','20012','0','20012','A','P')

Insert into Account (Tipnumber, Lastname, Lastsix)
Values ('50D999999999997','SMITH','50D50D')

Insert into [1security] (Tipnumber, username, password)
values ('50D999999999997', 'citizenstest', 'sample')